scenario,learning_rate,floor_per_mwh,year,baseline_order_units,actual_order_units,expanded_order,expansion_trigger_year,commissioned_units_this_year,completed_units,cumulative_completed_gwe,cumulative_production_doublings,operating_units,operating_capacity_gwe,next_order_lcoe_per_mwh,last_delivered_cohort_lcoe_per_mwh
"Compact, sufficient support",0.25,5.0,0,2,2,False,,1,1,0.01,0.0,1,0.01,500.0,500.0
"Compact, sufficient support",0.25,5.0,1,4,4,False,,2,3,0.03,1.584962500721156,3,0.03,318.7487372080115,500.0
"Compact, sufficient support",0.25,5.0,2,8,8,False,,4,7,0.07,2.807354922057604,7,0.07,225.72820002710296,318.7487372080115
"Compact, sufficient support",0.25,5.0,3,16,16,False,,8,15,0.15,3.9068905956085187,15,0.15,165.8730233837092,225.72820002710296
"Compact, sufficient support",0.25,5.0,4,24,24,False,,16,31,0.31,4.954196310386875,31,0.31,124.02389849811883,165.8730233837092
"Compact, sufficient support",0.25,5.0,5,32,32,False,,24,55,0.55,5.78135971352466,55,0.55,98.8187020742361,124.02389849811883
"Compact, sufficient support",0.25,5.0,6,40,40,False,,32,87,0.87,6.442943495848728,87,0.87,82.55896028559951,98.8187020742361
"Compact, sufficient support",0.25,5.0,7,50,50,False,,40,127,1.27,6.9886846867721655,127,1.27,71.28996101570753,82.55896028559951
"Compact, sufficient support",0.25,5.0,8,60,60,False,,50,177,1.77,7.467605550082998,177,1.77,62.75797999968437,71.28996101570753
"Compact, sufficient support",0.25,5.0,9,70,90,True,9,60,237,2.37,7.888743248898259,237,2.37,56.167663266244844,62.75797999968437
"Compact, sufficient support",0.25,5.0,10,80,135,True,9,90,327,3.27,8.353146825498083,327,3.27,49.76860767744938,56.167663266244844
"Compact, sufficient support",0.25,5.0,11,90,203,True,9,135,462,4.62,8.851749041416058,462,4.62,43.786345070376456,49.76860767744938
"Compact, sufficient support",0.25,5.0,12,100,305,True,9,203,665,6.65,9.377210530388552,665,6.65,38.344818846629686,43.786345070376456
"Compact, sufficient support",0.25,5.0,13,110,458,True,9,305,970,9.7,9.92184093707449,970,9.7,33.50906193178993,38.344818846629686
"Compact, sufficient support",0.25,5.0,14,120,687,True,9,458,1428,14.28,10.479780264029099,1428,14.28,29.281454201451023,33.50906193178993
"Compact, sufficient support",0.25,5.0,15,130,1031,True,9,687,2115,21.15,11.046441948007311,2115,21.15,25.62892979832845,29.281454201451023
"Compact, sufficient support",0.25,5.0,16,140,1547,True,9,1031,3146,31.46,11.619302955415687,3146,31.46,22.49460605359913,25.62892979832845
"Compact, sufficient support",0.25,5.0,17,150,2321,True,9,1547,4693,46.93,12.196294745028263,4693,46.93,19.818885492223757,22.49460605359913
"Compact, sufficient support",0.25,5.0,18,160,2500,True,9,2321,7014,70.14,12.776021715252812,7014,70.14,17.542531111202283,19.818885492223757
"Compact, sufficient support",0.25,5.0,19,170,2500,True,9,2500,9514,95.14,13.215836309962455,9514,95.14,16.051858277509993,17.542531111202283
"Compact, sufficient support",0.25,5.0,20,180,2500,True,9,2500,12014,120.14,13.55242894852647,12014,120.14,15.031868902786128,16.051858277509993
"Compact, sufficient support",0.25,5.0,21,190,2500,True,9,2500,14514,145.14,13.82515755470108,14514,145.14,14.274862515527241,15.031868902786128
"Compact, sufficient support",0.25,5.0,22,200,2500,True,9,2500,17014,170.14,14.054434738760843,17014,170.14,13.682841612281495,14.274862515527241
"Compact, sufficient support",0.25,5.0,23,210,2500,True,9,2500,19514,195.14,14.252221912938362,19514,195.14,13.202582351534764,13.682841612281495
"Compact, sufficient support",0.25,5.0,24,220,2500,True,9,2500,22014,220.14,14.4261336899697,22014,220.14,12.802293470628276,13.202582351534764
"Compact, sufficient support",0.25,5.0,25,230,2500,True,9,2500,24514,245.14,14.581318290491161,24514,245.14,12.46163006471697,12.802293470628276
"Compact, sufficient support",0.25,5.0,26,240,2500,True,9,2500,27014,270.14,14.721419657045304,27014,270.14,12.16687163434369,12.46163006471697
"Compact, sufficient support",0.25,5.0,27,250,2500,True,9,2500,29514,295.14,14.849111840444484,29514,295.14,11.908375349171344,12.16687163434369
"Compact, sufficient support",0.25,5.0,28,260,2500,True,9,2500,32014,320.14,14.96641532571231,32014,320.14,11.679134307692816,11.908375349171344
"Compact, sufficient support",0.25,5.0,29,270,2500,True,9,2500,34514,345.14,15.074894064153025,34514,345.14,11.473914807239684,11.679134307692816
"Compact, sufficient support",0.25,5.0,30,280,2500,True,9,2500,37014,370.14,15.17578343165168,37013,370.13,11.288716110321587,11.473914807239684
"Compact, sufficient support",0.25,5.0,31,290,2500,True,9,2500,39514,395.14,15.270076277195477,39511,395.11,11.120419088228006,11.288716110321587
"Compact, sufficient support",0.25,5.0,32,300,2500,True,9,2500,42014,420.14,15.358582525655892,42007,420.07,10.966550243145779,11.120419088228006
"Compact, sufficient support",0.25,5.0,33,310,2500,True,9,2500,44514,445.14,15.44197152583225,44499,444.99,10.825118783586571,10.966550243145779
"Compact, sufficient support",0.25,5.0,34,320,2500,True,9,2500,47014,470.14,15.520802811297107,46983,469.83,10.694501406353993,10.825118783586571
"Compact, sufficient support",0.25,5.0,35,330,2500,True,9,2500,49514,495.14,15.59554888201172,49459,494.59,10.57335908319634,10.694501406353993
"Compact, sufficient support",0.25,5.0,36,340,2500,True,9,2500,52014,520.14,15.666612368421161,51927,519.27,10.460575833039794,10.57335908319634
"Compact, sufficient support",0.25,5.0,37,350,2500,True,9,2500,54514,545.14,15.734339162408054,54387,543.87,10.35521291779152,10.460575833039794
"Compact, sufficient support",0.25,5.0,38,360,2500,True,9,2500,57014,570.14,15.799028601468153,56837,568.37,10.256474063124308,10.35521291779152
"Compact, sufficient support",0.25,5.0,39,370,2500,True,9,2500,59514,595.14,15.86094146569678,59277,592.77,10.163678694019774,10.256474063124308
"Compact, sufficient support",0.25,5.0,40,380,2500,True,9,2500,62014,620.14,15.920306328121974,61687,616.87,10.07624108615845,10.163678694019774
"Compact, sufficient support",0.25,5.0,41,390,2500,True,9,2500,64514,645.14,15.977324649215385,64052,640.52,9.993653944719544,10.07624108615845
"Compact, sufficient support",0.25,5.0,42,400,2500,True,9,2500,67014,670.14,16.032174902293825,66349,663.49,9.915475338715883,9.993653944719544
"Compact, sufficient support",0.25,5.0,43,410,2500,True,9,2500,69514,695.14,16.085015942947347,68544,685.44,9.841318208052131,9.915475338715883
"Compact, sufficient support",0.25,5.0,44,420,2500,True,9,2500,72014,720.14,16.135989782870492,70586,705.86,9.770841864189203,9.841318208052131
"Compact, sufficient support",0.25,5.0,45,0,0,False,9,2500,74514,745.14,16.185223890131454,72399,723.99,9.703745050877195,9.770841864189203
"Compact, support ends",0.25,5.0,0,2,2,False,,1,1,0.01,0.0,1,0.01,500.0,500.0
"Compact, support ends",0.25,5.0,1,4,4,False,,2,3,0.03,1.584962500721156,3,0.03,318.7487372080115,500.0
"Compact, support ends",0.25,5.0,2,8,8,False,,4,7,0.07,2.807354922057604,7,0.07,225.72820002710296,318.7487372080115
"Compact, support ends",0.25,5.0,3,16,16,False,,8,15,0.15,3.9068905956085187,15,0.15,165.8730233837092,225.72820002710296
"Compact, support ends",0.25,5.0,4,0,0,False,,16,31,0.31,4.954196310386875,31,0.31,124.02389849811883,165.8730233837092
"Compact, support ends",0.25,5.0,5,0,0,False,,0,31,0.31,4.954196310386875,31,0.31,124.02389849811883,165.8730233837092
"Compact, support ends",0.25,5.0,6,0,0,False,,0,31,0.31,4.954196310386875,31,0.31,124.02389849811883,165.8730233837092
"Compact, support ends",0.25,5.0,7,0,0,False,,0,31,0.31,4.954196310386875,31,0.31,124.02389849811883,165.8730233837092
"Compact, support ends",0.25,5.0,8,0,0,False,,0,31,0.31,4.954196310386875,31,0.31,124.02389849811883,165.8730233837092
"Compact, support ends",0.25,5.0,9,0,0,False,,0,31,0.31,4.954196310386875,31,0.31,124.02389849811883,165.8730233837092
"Compact, support ends",0.25,5.0,10,0,0,False,,0,31,0.31,4.954196310386875,31,0.31,124.02389849811883,165.8730233837092
"Compact, support ends",0.25,5.0,11,0,0,False,,0,31,0.31,4.954196310386875,31,0.31,124.02389849811883,165.8730233837092
"Compact, support ends",0.25,5.0,12,0,0,False,,0,31,0.31,4.954196310386875,31,0.31,124.02389849811883,165.8730233837092
"Compact, support ends",0.25,5.0,13,0,0,False,,0,31,0.31,4.954196310386875,31,0.31,124.02389849811883,165.8730233837092
"Compact, support ends",0.25,5.0,14,0,0,False,,0,31,0.31,4.954196310386875,31,0.31,124.02389849811883,165.8730233837092
"Compact, support ends",0.25,5.0,15,0,0,False,,0,31,0.31,4.954196310386875,31,0.31,124.02389849811883,165.8730233837092
"Compact, support ends",0.25,5.0,16,0,0,False,,0,31,0.31,4.954196310386875,31,0.31,124.02389849811883,165.8730233837092
"Compact, support ends",0.25,5.0,17,0,0,False,,0,31,0.31,4.954196310386875,31,0.31,124.02389849811883,165.8730233837092
"Compact, support ends",0.25,5.0,18,0,0,False,,0,31,0.31,4.954196310386875,31,0.31,124.02389849811883,165.8730233837092
"Compact, support ends",0.25,5.0,19,0,0,False,,0,31,0.31,4.954196310386875,31,0.31,124.02389849811883,165.8730233837092
"Compact, support ends",0.25,5.0,20,0,0,False,,0,31,0.31,4.954196310386875,31,0.31,124.02389849811883,165.8730233837092
"Compact, support ends",0.25,5.0,21,0,0,False,,0,31,0.31,4.954196310386875,31,0.31,124.02389849811883,165.8730233837092
"Compact, support ends",0.25,5.0,22,0,0,False,,0,31,0.31,4.954196310386875,31,0.31,124.02389849811883,165.8730233837092
"Compact, support ends",0.25,5.0,23,0,0,False,,0,31,0.31,4.954196310386875,31,0.31,124.02389849811883,165.8730233837092
"Compact, support ends",0.25,5.0,24,0,0,False,,0,31,0.31,4.954196310386875,31,0.31,124.02389849811883,165.8730233837092
"Compact, support ends",0.25,5.0,25,0,0,False,,0,31,0.31,4.954196310386875,31,0.31,124.02389849811883,165.8730233837092
"Compact, support ends",0.25,5.0,26,0,0,False,,0,31,0.31,4.954196310386875,31,0.31,124.02389849811883,165.8730233837092
"Compact, support ends",0.25,5.0,27,0,0,False,,0,31,0.31,4.954196310386875,31,0.31,124.02389849811883,165.8730233837092
"Compact, support ends",0.25,5.0,28,0,0,False,,0,31,0.31,4.954196310386875,31,0.31,124.02389849811883,165.8730233837092
"Compact, support ends",0.25,5.0,29,0,0,False,,0,31,0.31,4.954196310386875,31,0.31,124.02389849811883,165.8730233837092
"Compact, support ends",0.25,5.0,30,0,0,False,,0,31,0.31,4.954196310386875,30,0.3,124.02389849811883,165.8730233837092
"Compact, support ends",0.25,5.0,31,0,0,False,,0,31,0.31,4.954196310386875,28,0.28,124.02389849811883,165.8730233837092
"Compact, support ends",0.25,5.0,32,0,0,False,,0,31,0.31,4.954196310386875,24,0.24,124.02389849811883,165.8730233837092
"Compact, support ends",0.25,5.0,33,0,0,False,,0,31,0.31,4.954196310386875,16,0.16,124.02389849811883,165.8730233837092
"Compact, support ends",0.25,5.0,34,0,0,False,,0,31,0.31,4.954196310386875,0,0.0,124.02389849811883,165.8730233837092
"Compact, support ends",0.25,5.0,35,0,0,False,,0,31,0.31,4.954196310386875,0,0.0,124.02389849811883,165.8730233837092
"Compact, support ends",0.25,5.0,36,0,0,False,,0,31,0.31,4.954196310386875,0,0.0,124.02389849811883,165.8730233837092
"Compact, support ends",0.25,5.0,37,0,0,False,,0,31,0.31,4.954196310386875,0,0.0,124.02389849811883,165.8730233837092
"Compact, support ends",0.25,5.0,38,0,0,False,,0,31,0.31,4.954196310386875,0,0.0,124.02389849811883,165.8730233837092
"Compact, support ends",0.25,5.0,39,0,0,False,,0,31,0.31,4.954196310386875,0,0.0,124.02389849811883,165.8730233837092
"Compact, support ends",0.25,5.0,40,0,0,False,,0,31,0.31,4.954196310386875,0,0.0,124.02389849811883,165.8730233837092
"Compact, support ends",0.25,5.0,41,0,0,False,,0,31,0.31,4.954196310386875,0,0.0,124.02389849811883,165.8730233837092
"Compact, support ends",0.25,5.0,42,0,0,False,,0,31,0.31,4.954196310386875,0,0.0,124.02389849811883,165.8730233837092
"Compact, support ends",0.25,5.0,43,0,0,False,,0,31,0.31,4.954196310386875,0,0.0,124.02389849811883,165.8730233837092
"Compact, support ends",0.25,5.0,44,0,0,False,,0,31,0.31,4.954196310386875,0,0.0,124.02389849811883,165.8730233837092
"Compact, support ends",0.25,5.0,45,0,0,False,,0,31,0.31,4.954196310386875,0,0.0,124.02389849811883,165.8730233837092
"Large, limited support",0.25,5.0,0,1,1,False,,1,1,1.0,0.0,1,1.0,250.0,250.0
"Large, limited support",0.25,5.0,1,0,0,False,,0,1,1.0,0.0,1,1.0,250.0,250.0
"Large, limited support",0.25,5.0,2,0,0,False,,0,1,1.0,0.0,1,1.0,250.0,250.0
"Large, limited support",0.25,5.0,3,1,1,False,,0,1,1.0,0.0,1,1.0,250.0,250.0
"Large, limited support",0.25,5.0,4,0,0,False,,0,1,1.0,0.0,1,1.0,250.0,250.0
"Large, limited support",0.25,5.0,5,0,0,False,,1,2,2.0,1.0,2,2.0,188.75,250.0
"Large, limited support",0.25,5.0,6,1,1,False,,0,2,2.0,1.0,2,2.0,188.75,250.0
"Large, limited support",0.25,5.0,7,0,0,False,,0,2,2.0,1.0,2,2.0,188.75,250.0
"Large, limited support",0.25,5.0,8,0,0,False,,1,3,3.0,1.584962500721156,3,3.0,160.28977902214712,250.0
"Large, limited support",0.25,5.0,9,1,1,False,,0,3,3.0,1.584962500721156,3,3.0,160.28977902214712,250.0
"Large, limited support",0.25,5.0,10,0,0,False,,0,3,3.0,1.584962500721156,3,3.0,160.28977902214712,250.0
"Large, limited support",0.25,5.0,11,0,0,False,,1,4,4.0,2.0,4,4.0,142.8125,188.75
"Large, limited support",0.25,5.0,12,1,1,False,,0,4,4.0,2.0,4,4.0,142.8125,188.75
"Large, limited support",0.25,5.0,13,0,0,False,,0,4,4.0,2.0,4,4.0,142.8125,188.75
"Large, limited support",0.25,5.0,14,0,0,False,,1,5,5.0,2.321928094887362,5,5.0,130.62246809260571,160.28977902214712
"Large, limited support",0.25,5.0,15,1,1,False,,0,5,5.0,2.321928094887362,5,5.0,130.62246809260571,160.28977902214712
"Large, limited support",0.25,5.0,16,0,0,False,,0,5,5.0,2.321928094887362,5,5.0,130.62246809260571,160.28977902214712
"Large, limited support",0.25,5.0,17,0,0,False,,1,6,6.0,2.584962500721156,6,6.0,121.46733426661032,142.8125
"Large, limited support",0.25,5.0,18,0,0,False,,0,6,6.0,2.584962500721156,6,6.0,121.46733426661032,142.8125
"Large, limited support",0.25,5.0,19,0,0,False,,0,6,6.0,2.584962500721156,6,6.0,121.46733426661032,142.8125
"Large, limited support",0.25,5.0,20,0,0,False,,1,7,7.0,2.807354922057604,7,7.0,114.2493111245257,130.62246809260571
"Large, limited support",0.25,5.0,21,0,0,False,,0,7,7.0,2.807354922057604,7,7.0,114.2493111245257,130.62246809260571
"Large, limited support",0.25,5.0,22,0,0,False,,0,7,7.0,2.807354922057604,7,7.0,114.2493111245257,130.62246809260571
"Large, limited support",0.25,5.0,23,0,0,False,,0,7,7.0,2.807354922057604,7,7.0,114.2493111245257,130.62246809260571
"Large, limited support",0.25,5.0,24,0,0,False,,0,7,7.0,2.807354922057604,7,7.0,114.2493111245257,130.62246809260571
"Large, limited support",0.25,5.0,25,0,0,False,,0,7,7.0,2.807354922057604,7,7.0,114.2493111245257,130.62246809260571
"Large, limited support",0.25,5.0,26,0,0,False,,0,7,7.0,2.807354922057604,7,7.0,114.2493111245257,130.62246809260571
"Large, limited support",0.25,5.0,27,0,0,False,,0,7,7.0,2.807354922057604,7,7.0,114.2493111245257,130.62246809260571
"Large, limited support",0.25,5.0,28,0,0,False,,0,7,7.0,2.807354922057604,7,7.0,114.2493111245257,130.62246809260571
"Large, limited support",0.25,5.0,29,0,0,False,,0,7,7.0,2.807354922057604,7,7.0,114.2493111245257,130.62246809260571
"Large, limited support",0.25,5.0,30,0,0,False,,0,7,7.0,2.807354922057604,6,6.0,114.2493111245257,130.62246809260571
"Large, limited support",0.25,5.0,31,0,0,False,,0,7,7.0,2.807354922057604,6,6.0,114.2493111245257,130.62246809260571
"Large, limited support",0.25,5.0,32,0,0,False,,0,7,7.0,2.807354922057604,6,6.0,114.2493111245257,130.62246809260571
"Large, limited support",0.25,5.0,33,0,0,False,,0,7,7.0,2.807354922057604,6,6.0,114.2493111245257,130.62246809260571
"Large, limited support",0.25,5.0,34,0,0,False,,0,7,7.0,2.807354922057604,6,6.0,114.2493111245257,130.62246809260571
"Large, limited support",0.25,5.0,35,0,0,False,,0,7,7.0,2.807354922057604,5,5.0,114.2493111245257,130.62246809260571
"Large, limited support",0.25,5.0,36,0,0,False,,0,7,7.0,2.807354922057604,5,5.0,114.2493111245257,130.62246809260571
"Large, limited support",0.25,5.0,37,0,0,False,,0,7,7.0,2.807354922057604,5,5.0,114.2493111245257,130.62246809260571
"Large, limited support",0.25,5.0,38,0,0,False,,0,7,7.0,2.807354922057604,4,4.0,114.2493111245257,130.62246809260571
"Large, limited support",0.25,5.0,39,0,0,False,,0,7,7.0,2.807354922057604,4,4.0,114.2493111245257,130.62246809260571
"Large, limited support",0.25,5.0,40,0,0,False,,0,7,7.0,2.807354922057604,4,4.0,114.2493111245257,130.62246809260571
"Large, limited support",0.25,5.0,41,0,0,False,,0,7,7.0,2.807354922057604,3,3.0,114.2493111245257,130.62246809260571
"Large, limited support",0.25,5.0,42,0,0,False,,0,7,7.0,2.807354922057604,3,3.0,114.2493111245257,130.62246809260571
"Large, limited support",0.25,5.0,43,0,0,False,,0,7,7.0,2.807354922057604,3,3.0,114.2493111245257,130.62246809260571
"Large, limited support",0.25,5.0,44,0,0,False,,0,7,7.0,2.807354922057604,2,2.0,114.2493111245257,130.62246809260571
"Large, limited support",0.25,5.0,45,0,0,False,,0,7,7.0,2.807354922057604,2,2.0,114.2493111245257,130.62246809260571
"Large, sufficient support",0.25,5.0,0,1,1,False,,1,1,1.0,0.0,1,1.0,250.0,250.0
"Large, sufficient support",0.25,5.0,1,2,2,False,,0,1,1.0,0.0,1,1.0,250.0,250.0
"Large, sufficient support",0.25,5.0,2,3,3,False,,0,1,1.0,0.0,1,1.0,250.0,250.0
"Large, sufficient support",0.25,5.0,3,4,4,False,,0,1,1.0,0.0,1,1.0,250.0,250.0
"Large, sufficient support",0.25,5.0,4,5,5,False,,0,1,1.0,0.0,1,1.0,250.0,250.0
"Large, sufficient support",0.25,5.0,5,6,6,False,,1,2,2.0,1.0,2,2.0,188.75,250.0
"Large, sufficient support",0.25,5.0,6,7,7,False,,2,4,4.0,2.0,4,4.0,142.8125,250.0
"Large, sufficient support",0.25,5.0,7,8,8,False,,3,7,7.0,2.807354922057604,7,7.0,114.2493111245257,250.0
"Large, sufficient support",0.25,5.0,8,9,9,False,,4,11,11.0,3.4594316186372973,11,11.0,95.56263882418035,250.0
"Large, sufficient support",0.25,5.0,9,10,10,False,,5,16,16.0,4.0,16,16.0,82.51953125,250.0
"Large, sufficient support",0.25,5.0,10,10,10,False,,6,22,22.0,4.459431618637297,22,22.0,72.92197911813527,188.75
"Large, sufficient support",0.25,5.0,11,10,10,False,,7,29,29.0,4.857980995127572,29,29.0,65.56421274892281,142.8125
"Large, sufficient support",0.25,5.0,12,10,15,True,12,8,37,37.0,5.20945336562895,37,37.0,59.73984488715769,114.2493111245257
"Large, sufficient support",0.25,5.0,13,10,23,True,12,9,46,46.0,5.523561956057013,46,46.0,55.01027376947315,95.56263882418035
"Large, sufficient support",0.25,5.0,14,10,25,True,12,10,56,56.0,5.807354922057604,56,56.0,51.08955313065928,82.51953125
"Large, sufficient support",0.25,5.0,15,10,25,True,12,10,66,66.0,6.044394119358453,66,66.0,48.051384195927,72.92197911813527
"Large, sufficient support",0.25,5.0,16,10,25,True,12,10,76,76.0,6.247927513443585,76,76.0,45.60298048804314,65.56421274892281
"Large, sufficient support",0.25,5.0,17,10,25,True,12,15,91,91.0,6.507794640198696,91,91.0,42.6782257528816,59.73984488715769
"Large, sufficient support",0.25,5.0,18,10,25,True,12,23,114,114.0,6.832890014164741,114,114.0,39.31416526600691,55.01027376947315
"Large, sufficient support",0.25,5.0,19,10,25,True,12,25,139,139.0,7.118941072723508,139,139.0,36.60345623323963,51.08955313065928
"Large, sufficient support",0.25,5.0,20,10,25,True,12,25,164,164.0,7.357552004618084,164,164.0,34.506848875903266,48.051384195927
"Large, sufficient support",0.25,5.0,21,10,25,True,12,25,189,189.0,7.562242424221073,189,189.0,32.81948397346237,45.60298048804314
"Large, sufficient support",0.25,5.0,22,10,25,True,12,25,214,214.0,7.741466986401147,214,214.0,31.421470181423885,42.6782257528816
"Large, sufficient support",0.25,5.0,23,10,25,True,12,25,239,239.0,7.900866807980749,239,239.0,30.237234740640915,39.31416526600691
"Large, sufficient support",0.25,5.0,24,10,25,True,12,25,264,264.0,8.044394119358454,264,264.0,29.216403610208932,36.60345623323963
"Large, sufficient support",0.25,5.0,25,10,25,True,12,25,289,289.0,8.174925682500678,289,289.0,28.32390144939806,34.506848875903266
"Large, sufficient support",0.25,5.0,26,10,25,True,12,25,314,314.0,8.294620748891626,314,314.0,27.5344336385549,32.81948397346237
"Large, sufficient support",0.25,5.0,27,10,25,True,12,25,339,339.0,8.405141463136344,339,339.0,26.829225586134605,31.421470181423885
"Large, sufficient support",0.25,5.0,28,10,25,True,12,25,364,364.0,8.507794640198696,364,364.0,26.194001985995897,30.237234740640915
"Large, sufficient support",0.25,5.0,29,10,25,True,12,25,389,389.0,8.603626344986193,389,389.0,25.617683976813947,29.216403610208932
"Large, sufficient support",0.25,5.0,30,10,25,True,12,25,414,414.0,8.693486957499326,413,413.0,25.091520608409063,28.32390144939806
"Large, sufficient support",0.25,5.0,31,10,25,True,12,25,439,439.0,8.778077129535358,438,438.0,24.608493020977573,27.5344336385549
"Large, sufficient support",0.25,5.0,32,10,25,True,12,25,464,464.0,8.857980995127573,463,463.0,24.162895440088853,26.829225586134605
"Large, sufficient support",0.25,5.0,33,10,25,True,12,25,489,489.0,8.933690654952233,488,488.0,23.750034047566047,26.194001985995897
"Large, sufficient support",0.25,5.0,34,10,25,True,12,25,514,514.0,9.005624549193879,513,513.0,23.36600637885573,25.617683976813947
"Large, sufficient support",0.25,5.0,35,10,25,True,12,25,539,539.0,9.074141462752506,537,537.0,23.00753693410593,25.091520608409063
"Large, sufficient support",0.25,5.0,36,10,25,True,12,25,564,564.0,9.139551352398794,560,560.0,22.671852794432077,24.608493020977573
"Large, sufficient support",0.25,5.0,37,10,25,True,12,25,589,589.0,9.20212382383046,582,582.0,22.35658820500093,24.162895440088853
"Large, sufficient support",0.25,5.0,38,10,25,True,12,25,614,614.0,9.262094845370179,603,603.0,22.059710462186658,23.750034047566047
"Large, sufficient support",0.25,5.0,39,10,25,True,12,25,639,639.0,9.319672120946995,623,623.0,21.779461692484357,23.36600637885573
"Large, sufficient support",0.25,5.0,40,10,25,True,12,25,664,664.0,9.375039431346925,642,642.0,21.51431263977237,23.00753693410593
"Large, sufficient support",0.25,5.0,41,0,0,False,12,25,689,689.0,9.428360172704291,660,660.0,21.26292563423632,22.671852794432077
"Large, sufficient support",0.25,5.0,42,0,0,False,12,25,714,714.0,9.479780264029099,677,677.0,21.024124658196637,22.35658820500093
"Large, sufficient support",0.25,5.0,43,0,0,False,12,25,739,739.0,9.52943055414615,693,693.0,20.796870952554265,22.059710462186658
"Large, sufficient support",0.25,5.0,44,0,0,False,12,25,764,764.0,9.57742882803575,708,708.0,20.58024298902952,21.779461692484357
"Large, sufficient support",0.25,5.0,45,0,0,False,12,25,789,789.0,9.623881490013458,723,723.0,20.373419912109966,21.51431263977237
"Compact, sufficient support",0.1,5.0,0,2,2,False,,1,1,0.01,0.0,1,0.01,500.0,500.0
"Compact, sufficient support",0.1,5.0,1,4,4,False,,2,3,0.03,1.584962500721156,3,0.03,423.87196322460926,500.0
"Compact, sufficient support",0.1,5.0,2,8,8,False,,4,7,0.07,2.807354922057604,7,0.07,373.25417782120985,423.87196322460926
"Compact, sufficient support",0.1,5.0,3,16,16,False,,8,15,0.15,3.9068905956085187,15,0.15,332.97118528906327,373.25417782120985
"Compact, sufficient support",0.1,5.0,4,24,24,False,,16,31,0.31,4.954196310386875,31,0.31,298.7065338496541,332.97118528906327
"Compact, sufficient support",0.1,5.0,5,32,32,False,,24,55,0.55,5.78135971352466,55,0.55,274.1935727053862,298.7065338496541
"Compact, sufficient support",0.1,5.0,6,40,40,False,,32,87,0.87,6.442943495848728,87,0.87,256.06852591685526,274.1935727053862
"Compact, sufficient support",0.1,5.0,7,50,50,False,,40,127,1.27,6.9886846867721655,127,1.27,242.03939245187732,256.06852591685526
"Compact, sufficient support",0.1,5.0,8,60,60,False,,50,177,1.77,7.467605550082998,177,1.77,230.3752951421022,242.03939245187732
"Compact, sufficient support",0.1,5.0,9,70,70,False,,60,237,2.37,7.888743248898259,237,2.37,220.59371900326775,230.3752951421022
"Compact, sufficient support",0.1,5.0,10,80,80,False,,70,307,3.07,8.262094845370179,307,3.07,212.27764800568448,220.59371900326775
"Compact, sufficient support",0.1,5.0,11,90,90,False,,80,387,3.87,8.59618975614441,387,3.87,205.10831144198772,212.27764800568448
"Compact, sufficient support",0.1,5.0,12,100,100,False,,90,477,4.77,8.897845456005511,477,4.77,198.8483547949298,205.10831144198772
"Compact, sufficient support",0.1,5.0,13,110,110,False,,100,577,5.77,9.172427508645482,577,5.77,193.3206453571369,198.8483547949298
"Compact, sufficient support",0.1,5.0,14,120,120,False,,110,687,6.87,9.4241662888181,687,6.87,188.3914139469298,193.3206453571369
"Compact, sufficient support",0.1,5.0,15,130,130,False,,120,807,8.07,9.656424863277781,807,8.07,183.95812851425623,188.3914139469298
"Compact, sufficient support",0.1,5.0,16,140,140,False,,130,937,9.37,9.871905237659186,937,9.37,179.94099334922987,183.95812851425623
"Compact, sufficient support",0.1,5.0,17,150,150,False,,140,1077,10.77,10.072802534544207,1077,10.77,176.2769939130623,179.94099334922987
"Compact, sufficient support",0.1,5.0,18,160,160,False,,150,1227,12.27,10.260919533662905,1227,12.27,172.91568683979443,176.2769939130623
"Compact, sufficient support",0.1,5.0,19,170,170,False,,160,1387,13.87,10.437752072323603,1387,13.87,169.81618488719727,172.91568683979443
"Compact, sufficient support",0.1,5.0,20,180,180,False,,170,1557,15.57,10.604553229079038,1557,15.57,166.9449667393798,169.81618488719727
"Compact, sufficient support",0.1,5.0,21,190,190,False,,180,1737,17.37,10.762382038710392,1737,17.37,164.2742630778639,166.9449667393798
"Compact, sufficient support",0.1,5.0,22,200,200,False,,190,1927,19.27,10.912140856295721,1927,19.27,161.7808507310316,164.2742630778639
"Compact, sufficient support",0.1,5.0,23,210,210,False,,200,2127,21.27,11.054604317960672,2127,21.27,159.44513982387411,161.7808507310316
"Compact, sufficient support",0.1,5.0,24,220,220,False,,210,2337,23.37,11.190442018782825,2337,23.37,157.25047417433785,159.44513982387411
"Compact, sufficient support",0.1,5.0,25,230,230,False,,220,2557,25.57,11.32023644524165,2557,25.57,155.18258892393922,157.25047417433785
"Compact, sufficient support",0.1,5.0,26,240,240,False,,230,2787,27.87,11.44449728710381,2787,27.87,153.2291855419887,155.18258892393922
"Compact, sufficient support",0.1,5.0,27,250,250,False,,240,3027,30.27,11.563672959827514,3027,30.27,151.37959547206898,153.2291855419887
"Compact, sufficient support",0.1,5.0,28,260,260,False,,250,3277,32.77,11.67815995754276,3277,32.77,149.6245114566446,151.37959547206898
"Compact, sufficient support",0.1,5.0,29,270,270,False,,260,3537,35.37,11.788310503700918,3537,35.37,147.95577106457904,149.6245114566446
"Compact, sufficient support",0.1,5.0,30,280,280,False,,270,3807,38.07,11.894438854562262,3806,38.06,146.36618087213213,147.95577106457904
"Compact, sufficient support",0.1,5.0,31,290,290,False,,280,4087,40.87,11.996826528020659,4084,40.84,144.84937258829328,146.36618087213213
"Compact, sufficient support",0.1,5.0,32,300,300,False,,290,4377,43.77,12.095726668639047,4370,43.7,143.3996844928123,144.84937258829328
"Compact, sufficient support",0.1,5.0,33,310,310,False,,300,4677,46.77,12.191367713418941,4662,46.62,142.01206309069525,143.3996844928123
"Compact, sufficient support",0.1,5.0,34,320,320,False,,310,4987,49.87,12.283956487665113,4956,49.56,140.68198103287938,142.01206309069525
"Compact, sufficient support",0.1,5.0,35,330,330,False,,320,5307,53.07,12.373680833411614,5252,52.52,139.40536821604869,140.68198103287938
"Compact, sufficient support",0.1,5.0,36,340,340,False,,330,5637,56.37,12.460711852141213,5550,55.5,138.1785536305734,139.40536821604869
"Compact, sufficient support",0.1,5.0,37,350,350,False,,340,5977,59.77,12.545205827425605,5850,58.5,136.9982160282524,138.1785536305734
"Compact, sufficient support",0.1,5.0,38,360,360,False,,350,6327,63.27,12.627305880514848,6150,61.5,135.8613418697843,136.9982160282524
"Compact, sufficient support",0.1,5.0,39,370,370,False,,360,6687,66.87,12.70714340198091,6450,64.5,134.76518931398383,135.8613418697843
"Compact, sufficient support",0.1,5.0,40,380,380,False,,370,7057,70.57,12.78483929465315,6750,67.5,133.70725724747967,134.76518931398383
"Compact, sufficient support",0.1,5.0,41,390,390,False,,380,7437,74.37,12.86050505680788,7050,70.5,132.6852585403709,133.70725724747967
"Compact, sufficient support",0.1,5.0,42,400,400,False,,390,7827,78.27,12.934243729538608,7350,73.5,131.6970968615672,132.6852585403709
"Compact, sufficient support",0.1,5.0,43,410,410,False,,400,8227,82.27,13.00615072817031,7650,76.5,130.7408465059478,131.6970968615672
"Compact, sufficient support",0.1,5.0,44,420,420,False,,410,8637,86.37,13.076314574284591,7950,79.5,129.81473478059047,130.7408465059478
"Compact, sufficient support",0.1,5.0,45,0,0,False,,420,9057,90.57,13.144817542234781,8250,82.5,128.91712657414638,129.81473478059047
"Compact, support ends",0.1,5.0,0,2,2,False,,1,1,0.01,0.0,1,0.01,500.0,500.0
"Compact, support ends",0.1,5.0,1,4,4,False,,2,3,0.03,1.584962500721156,3,0.03,423.87196322460926,500.0
"Compact, support ends",0.1,5.0,2,8,8,False,,4,7,0.07,2.807354922057604,7,0.07,373.25417782120985,423.87196322460926
"Compact, support ends",0.1,5.0,3,16,16,False,,8,15,0.15,3.9068905956085187,15,0.15,332.97118528906327,373.25417782120985
"Compact, support ends",0.1,5.0,4,0,0,False,,16,31,0.31,4.954196310386875,31,0.31,298.7065338496541,332.97118528906327
"Compact, support ends",0.1,5.0,5,0,0,False,,0,31,0.31,4.954196310386875,31,0.31,298.7065338496541,332.97118528906327
"Compact, support ends",0.1,5.0,6,0,0,False,,0,31,0.31,4.954196310386875,31,0.31,298.7065338496541,332.97118528906327
"Compact, support ends",0.1,5.0,7,0,0,False,,0,31,0.31,4.954196310386875,31,0.31,298.7065338496541,332.97118528906327
"Compact, support ends",0.1,5.0,8,0,0,False,,0,31,0.31,4.954196310386875,31,0.31,298.7065338496541,332.97118528906327
"Compact, support ends",0.1,5.0,9,0,0,False,,0,31,0.31,4.954196310386875,31,0.31,298.7065338496541,332.97118528906327
"Compact, support ends",0.1,5.0,10,0,0,False,,0,31,0.31,4.954196310386875,31,0.31,298.7065338496541,332.97118528906327
"Compact, support ends",0.1,5.0,11,0,0,False,,0,31,0.31,4.954196310386875,31,0.31,298.7065338496541,332.97118528906327
"Compact, support ends",0.1,5.0,12,0,0,False,,0,31,0.31,4.954196310386875,31,0.31,298.7065338496541,332.97118528906327
"Compact, support ends",0.1,5.0,13,0,0,False,,0,31,0.31,4.954196310386875,31,0.31,298.7065338496541,332.97118528906327
"Compact, support ends",0.1,5.0,14,0,0,False,,0,31,0.31,4.954196310386875,31,0.31,298.7065338496541,332.97118528906327
"Compact, support ends",0.1,5.0,15,0,0,False,,0,31,0.31,4.954196310386875,31,0.31,298.7065338496541,332.97118528906327
"Compact, support ends",0.1,5.0,16,0,0,False,,0,31,0.31,4.954196310386875,31,0.31,298.7065338496541,332.97118528906327
"Compact, support ends",0.1,5.0,17,0,0,False,,0,31,0.31,4.954196310386875,31,0.31,298.7065338496541,332.97118528906327
"Compact, support ends",0.1,5.0,18,0,0,False,,0,31,0.31,4.954196310386875,31,0.31,298.7065338496541,332.97118528906327
"Compact, support ends",0.1,5.0,19,0,0,False,,0,31,0.31,4.954196310386875,31,0.31,298.7065338496541,332.97118528906327
"Compact, support ends",0.1,5.0,20,0,0,False,,0,31,0.31,4.954196310386875,31,0.31,298.7065338496541,332.97118528906327
"Compact, support ends",0.1,5.0,21,0,0,False,,0,31,0.31,4.954196310386875,31,0.31,298.7065338496541,332.97118528906327
"Compact, support ends",0.1,5.0,22,0,0,False,,0,31,0.31,4.954196310386875,31,0.31,298.7065338496541,332.97118528906327
"Compact, support ends",0.1,5.0,23,0,0,False,,0,31,0.31,4.954196310386875,31,0.31,298.7065338496541,332.97118528906327
"Compact, support ends",0.1,5.0,24,0,0,False,,0,31,0.31,4.954196310386875,31,0.31,298.7065338496541,332.97118528906327
"Compact, support ends",0.1,5.0,25,0,0,False,,0,31,0.31,4.954196310386875,31,0.31,298.7065338496541,332.97118528906327
"Compact, support ends",0.1,5.0,26,0,0,False,,0,31,0.31,4.954196310386875,31,0.31,298.7065338496541,332.97118528906327
"Compact, support ends",0.1,5.0,27,0,0,False,,0,31,0.31,4.954196310386875,31,0.31,298.7065338496541,332.97118528906327
"Compact, support ends",0.1,5.0,28,0,0,False,,0,31,0.31,4.954196310386875,31,0.31,298.7065338496541,332.97118528906327
"Compact, support ends",0.1,5.0,29,0,0,False,,0,31,0.31,4.954196310386875,31,0.31,298.7065338496541,332.97118528906327
"Compact, support ends",0.1,5.0,30,0,0,False,,0,31,0.31,4.954196310386875,30,0.3,298.7065338496541,332.97118528906327
"Compact, support ends",0.1,5.0,31,0,0,False,,0,31,0.31,4.954196310386875,28,0.28,298.7065338496541,332.97118528906327
"Compact, support ends",0.1,5.0,32,0,0,False,,0,31,0.31,4.954196310386875,24,0.24,298.7065338496541,332.97118528906327
"Compact, support ends",0.1,5.0,33,0,0,False,,0,31,0.31,4.954196310386875,16,0.16,298.7065338496541,332.97118528906327
"Compact, support ends",0.1,5.0,34,0,0,False,,0,31,0.31,4.954196310386875,0,0.0,298.7065338496541,332.97118528906327
"Compact, support ends",0.1,5.0,35,0,0,False,,0,31,0.31,4.954196310386875,0,0.0,298.7065338496541,332.97118528906327
"Compact, support ends",0.1,5.0,36,0,0,False,,0,31,0.31,4.954196310386875,0,0.0,298.7065338496541,332.97118528906327
"Compact, support ends",0.1,5.0,37,0,0,False,,0,31,0.31,4.954196310386875,0,0.0,298.7065338496541,332.97118528906327
"Compact, support ends",0.1,5.0,38,0,0,False,,0,31,0.31,4.954196310386875,0,0.0,298.7065338496541,332.97118528906327
"Compact, support ends",0.1,5.0,39,0,0,False,,0,31,0.31,4.954196310386875,0,0.0,298.7065338496541,332.97118528906327
"Compact, support ends",0.1,5.0,40,0,0,False,,0,31,0.31,4.954196310386875,0,0.0,298.7065338496541,332.97118528906327
"Compact, support ends",0.1,5.0,41,0,0,False,,0,31,0.31,4.954196310386875,0,0.0,298.7065338496541,332.97118528906327
"Compact, support ends",0.1,5.0,42,0,0,False,,0,31,0.31,4.954196310386875,0,0.0,298.7065338496541,332.97118528906327
"Compact, support ends",0.1,5.0,43,0,0,False,,0,31,0.31,4.954196310386875,0,0.0,298.7065338496541,332.97118528906327
"Compact, support ends",0.1,5.0,44,0,0,False,,0,31,0.31,4.954196310386875,0,0.0,298.7065338496541,332.97118528906327
"Compact, support ends",0.1,5.0,45,0,0,False,,0,31,0.31,4.954196310386875,0,0.0,298.7065338496541,332.97118528906327
"Large, limited support",0.1,5.0,0,1,1,False,,1,1,1.0,0.0,1,1.0,250.0,250.0
"Large, limited support",0.1,5.0,1,0,0,False,,0,1,1.0,0.0,1,1.0,250.0,250.0
"Large, limited support",0.1,5.0,2,0,0,False,,0,1,1.0,0.0,1,1.0,250.0,250.0
"Large, limited support",0.1,5.0,3,1,1,False,,0,1,1.0,0.0,1,1.0,250.0,250.0
"Large, limited support",0.1,5.0,4,0,0,False,,0,1,1.0,0.0,1,1.0,250.0,250.0
"Large, limited support",0.1,5.0,5,0,0,False,,1,2,2.0,1.0,2,2.0,225.5,250.0
"Large, limited support",0.1,5.0,6,1,1,False,,0,2,2.0,1.0,2,2.0,225.5,250.0
"Large, limited support",0.1,5.0,7,0,0,False,,0,2,2.0,1.0,2,2.0,225.5,250.0
"Large, limited support",0.1,5.0,8,0,0,False,,1,3,3.0,1.584962500721156,3,3.0,212.32046664652376,250.0
"Large, limited support",0.1,5.0,9,1,1,False,,0,3,3.0,1.584962500721156,3,3.0,212.32046664652376,250.0
"Large, limited support",0.1,5.0,10,0,0,False,,0,3,3.0,1.584962500721156,3,3.0,212.32046664652376,250.0
"Large, limited support",0.1,5.0,11,0,0,False,,1,4,4.0,2.0,4,4.0,203.45000000000002,225.5
"Large, limited support",0.1,5.0,12,1,1,False,,0,4,4.0,2.0,4,4.0,203.45000000000002,225.5
"Large, limited support",0.1,5.0,13,0,0,False,,0,4,4.0,2.0,4,4.0,203.45000000000002,225.5
"Large, limited support",0.1,5.0,14,0,0,False,,1,5,5.0,2.321928094887362,5,5.0,196.8317468116942,212.32046664652376
"Large, limited support",0.1,5.0,15,1,1,False,,0,5,5.0,2.321928094887362,5,5.0,196.8317468116942,212.32046664652376
"Large, limited support",0.1,5.0,16,0,0,False,,0,5,5.0,2.321928094887362,5,5.0,196.8317468116942,212.32046664652376
"Large, limited support",0.1,5.0,17,0,0,False,,1,6,6.0,2.584962500721156,6,6.0,191.5884199818714,203.45000000000002
"Large, limited support",0.1,5.0,18,0,0,False,,0,6,6.0,2.584962500721156,6,6.0,191.5884199818714,203.45000000000002
"Large, limited support",0.1,5.0,19,0,0,False,,0,6,6.0,2.584962500721156,6,6.0,191.5884199818714,203.45000000000002
"Large, limited support",0.1,5.0,20,0,0,False,,1,7,7.0,2.807354922057604,7,7.0,187.2672193256493,196.8317468116942
"Large, limited support",0.1,5.0,21,0,0,False,,0,7,7.0,2.807354922057604,7,7.0,187.2672193256493,196.8317468116942
"Large, limited support",0.1,5.0,22,0,0,False,,0,7,7.0,2.807354922057604,7,7.0,187.2672193256493,196.8317468116942
"Large, limited support",0.1,5.0,23,0,0,False,,0,7,7.0,2.807354922057604,7,7.0,187.2672193256493,196.8317468116942
"Large, limited support",0.1,5.0,24,0,0,False,,0,7,7.0,2.807354922057604,7,7.0,187.2672193256493,196.8317468116942
"Large, limited support",0.1,5.0,25,0,0,False,,0,7,7.0,2.807354922057604,7,7.0,187.2672193256493,196.8317468116942
"Large, limited support",0.1,5.0,26,0,0,False,,0,7,7.0,2.807354922057604,7,7.0,187.2672193256493,196.8317468116942
"Large, limited support",0.1,5.0,27,0,0,False,,0,7,7.0,2.807354922057604,7,7.0,187.2672193256493,196.8317468116942
"Large, limited support",0.1,5.0,28,0,0,False,,0,7,7.0,2.807354922057604,7,7.0,187.2672193256493,196.8317468116942
"Large, limited support",0.1,5.0,29,0,0,False,,0,7,7.0,2.807354922057604,7,7.0,187.2672193256493,196.8317468116942
"Large, limited support",0.1,5.0,30,0,0,False,,0,7,7.0,2.807354922057604,6,6.0,187.2672193256493,196.8317468116942
"Large, limited support",0.1,5.0,31,0,0,False,,0,7,7.0,2.807354922057604,6,6.0,187.2672193256493,196.8317468116942
"Large, limited support",0.1,5.0,32,0,0,False,,0,7,7.0,2.807354922057604,6,6.0,187.2672193256493,196.8317468116942
"Large, limited support",0.1,5.0,33,0,0,False,,0,7,7.0,2.807354922057604,6,6.0,187.2672193256493,196.8317468116942
"Large, limited support",0.1,5.0,34,0,0,False,,0,7,7.0,2.807354922057604,6,6.0,187.2672193256493,196.8317468116942
"Large, limited support",0.1,5.0,35,0,0,False,,0,7,7.0,2.807354922057604,5,5.0,187.2672193256493,196.8317468116942
"Large, limited support",0.1,5.0,36,0,0,False,,0,7,7.0,2.807354922057604,5,5.0,187.2672193256493,196.8317468116942
"Large, limited support",0.1,5.0,37,0,0,False,,0,7,7.0,2.807354922057604,5,5.0,187.2672193256493,196.8317468116942
"Large, limited support",0.1,5.0,38,0,0,False,,0,7,7.0,2.807354922057604,4,4.0,187.2672193256493,196.8317468116942
"Large, limited support",0.1,5.0,39,0,0,False,,0,7,7.0,2.807354922057604,4,4.0,187.2672193256493,196.8317468116942
"Large, limited support",0.1,5.0,40,0,0,False,,0,7,7.0,2.807354922057604,4,4.0,187.2672193256493,196.8317468116942
"Large, limited support",0.1,5.0,41,0,0,False,,0,7,7.0,2.807354922057604,3,3.0,187.2672193256493,196.8317468116942
"Large, limited support",0.1,5.0,42,0,0,False,,0,7,7.0,2.807354922057604,3,3.0,187.2672193256493,196.8317468116942
"Large, limited support",0.1,5.0,43,0,0,False,,0,7,7.0,2.807354922057604,3,3.0,187.2672193256493,196.8317468116942
"Large, limited support",0.1,5.0,44,0,0,False,,0,7,7.0,2.807354922057604,2,2.0,187.2672193256493,196.8317468116942
"Large, limited support",0.1,5.0,45,0,0,False,,0,7,7.0,2.807354922057604,2,2.0,187.2672193256493,196.8317468116942
"Large, sufficient support",0.1,5.0,0,1,1,False,,1,1,1.0,0.0,1,1.0,250.0,250.0
"Large, sufficient support",0.1,5.0,1,2,2,False,,0,1,1.0,0.0,1,1.0,250.0,250.0
"Large, sufficient support",0.1,5.0,2,3,3,False,,0,1,1.0,0.0,1,1.0,250.0,250.0
"Large, sufficient support",0.1,5.0,3,4,4,False,,0,1,1.0,0.0,1,1.0,250.0,250.0
"Large, sufficient support",0.1,5.0,4,5,5,False,,0,1,1.0,0.0,1,1.0,250.0,250.0
"Large, sufficient support",0.1,5.0,5,6,6,False,,1,2,2.0,1.0,2,2.0,225.5,250.0
"Large, sufficient support",0.1,5.0,6,7,7,False,,2,4,4.0,2.0,4,4.0,203.45000000000002,250.0
"Large, sufficient support",0.1,5.0,7,8,8,False,,3,7,7.0,2.807354922057604,7,7.0,187.2672193256493,250.0
"Large, sufficient support",0.1,5.0,8,9,9,False,,4,11,11.0,3.4594316186372973,11,11.0,175.16536700422944,250.0
"Large, sufficient support",0.1,5.0,9,10,10,False,,5,16,16.0,4.0,16,16.0,165.74450000000002,250.0
"Large, sufficient support",0.1,5.0,10,10,10,False,,6,22,22.0,4.459431618637297,22,22.0,158.1488303038065,225.5
"Large, sufficient support",0.1,5.0,11,10,10,False,,7,29,29.0,4.857980995127572,29,29.0,151.8510529472832,203.45000000000002
"Large, sufficient support",0.1,5.0,12,10,10,False,,8,37,37.0,5.20945336562895,37,37.0,146.51242432514022,187.2672193256493
"Large, sufficient support",0.1,5.0,13,10,10,False,,9,46,46.0,5.523561956057013,46,46.0,141.90576940136995,175.16536700422944
"Large, sufficient support",0.1,5.0,14,10,10,False,,10,56,56.0,5.807354922057604,56,56.0,137.87280288839838,165.74450000000002
"Large, sufficient support",0.1,5.0,15,10,10,False,,10,66,66.0,6.044394119358453,66,66.0,134.59545699981405,158.1488303038065
"Large, sufficient support",0.1,5.0,16,10,10,False,,10,76,76.0,6.247927513443585,76,76.0,131.84594846178817,151.8510529472832
"Large, sufficient support",0.1,5.0,17,10,10,False,,10,86,86.0,6.426264754702098,86,86.0,129.48480275579976,146.51242432514022
"Large, sufficient support",0.1,5.0,18,10,10,False,,10,96,96.0,6.584962500721156,96,96.0,127.42066235010583,141.90576940136995
"Large, sufficient support",0.1,5.0,19,10,10,False,,10,106,106.0,6.727920454563199,106,106.0,125.5905643663325,137.87280288839838
"Large, sufficient support",0.1,5.0,20,10,10,False,,10,116,116.0,6.857980995127572,116,116.0,123.94935288729941,134.59545699981405
"Large, sufficient support",0.1,5.0,21,10,10,False,,10,126,126.0,6.977279923499917,126,126.0,122.46358843683485,131.84594846178817
"Large, sufficient support",0.1,5.0,22,10,10,False,,10,136,136.0,7.087462841250339,136,136.0,121.10784655636212,129.48480275579976
"Large, sufficient support",0.1,5.0,23,10,10,False,,10,146,146.0,7.189824558880018,146,146.0,119.86236523246164,127.42066235010583
"Large, sufficient support",0.1,5.0,24,10,10,False,,10,156,156.0,7.285402218862249,156,156.0,118.71149283494361,125.5905643663325
"Large, sufficient support",0.1,5.0,25,10,10,False,,10,166,166.0,7.3750394313469245,166,166.0,117.642631374518,123.94935288729941
"Large, sufficient support",0.1,5.0,26,10,10,False,,10,176,176.0,7.459431618637297,176,176.0,116.64549729147495,122.46358843683485
"Large, sufficient support",0.1,5.0,27,10,10,False,,10,186,186.0,7.539158811108031,186,186.0,115.71159209971509,121.10784655636212
"Large, sufficient support",0.1,5.0,28,10,10,False,,10,196,196.0,7.614709844115208,196,196.0,114.83381544885927,119.86236523246164
"Large, sufficient support",0.1,5.0,29,10,10,False,,10,206,206.0,7.6865005271832185,206,206.0,114.00617711427155,118.71149283494361
"Large, sufficient support",0.1,5.0,30,10,10,False,,10,216,216.0,7.754887502163468,215,215.0,113.22357913632244,117.642631374518
"Large, sufficient support",0.1,5.0,31,10,10,False,,10,226,226.0,7.820178962415188,225,225.0,112.4816486248137,116.64549729147495
"Large, sufficient support",0.1,5.0,32,10,10,False,,10,236,236.0,7.882643049361842,235,235.0,111.7766077649059,115.71159209971509
"Large, sufficient support",0.1,5.0,33,10,10,False,,10,246,246.0,7.94251450533924,245,245.0,111.10517154851762,114.83381544885927
"Large, sufficient support",0.1,5.0,34,10,10,False,,10,256,256.0,8.0,255,255.0,110.46446645000002,114.00617711427155
"Large, sufficient support",0.1,5.0,35,10,10,False,,10,266,266.0,8.055282435501189,264,264.0,109.85196511952267,113.22357913632244
"Large, sufficient support",0.1,5.0,36,10,10,False,,10,276,276.0,8.108524456778168,272,272.0,109.26543346532267,112.4816486248137
"Large, sufficient support",0.1,5.0,37,10,10,False,,10,286,286.0,8.159871336778389,279,279.0,108.70288741786322,111.7766077649059
"Large, sufficient support",0.1,5.0,38,10,10,False,,10,296,296.0,8.20945336562895,285,285.0,108.16255733302724,111.10517154851762
"Large, sufficient support",0.1,5.0,39,10,10,False,,10,306,306.0,8.257387842692651,290,290.0,107.64285847600281,110.46446645000002
"Large, sufficient support",0.1,5.0,40,10,10,False,,10,316,316.0,8.303780748177102,294,294.0,107.14236638525357,109.85196511952267
"Large, sufficient support",0.1,5.0,41,0,0,False,,10,326,326.0,8.348728154231077,297,297.0,106.65979618300275,109.26543346532267
"Large, sufficient support",0.1,5.0,42,0,0,False,,10,336,336.0,8.39231742277876,299,299.0,106.19398510003627,108.70288741786322
"Large, sufficient support",0.1,5.0,43,0,0,False,,10,346,346.0,8.434628227636725,300,300.0,105.74387763594034,108.16255733302724
"Large, sufficient support",0.1,5.0,44,0,0,False,,10,356,356.0,8.475733430966399,300,300.0,105.30851289365017,107.64285847600281
"Large, sufficient support",0.1,5.0,45,0,0,False,,10,366,366.0,8.515699838284043,300,300.0,104.88701371839508,107.14236638525357
