scenario,learning_rate,floor_per_mwh,order_year,commission_year,units,experience_at_order,unit_mwe,cohort_lcoe_per_mwh,capacity_gwe,positive_premium_per_mwh,annual_generation_mwh,annual_premium_dollars,lifetime_premium_dollars,operating_years_in_plot_window,window_premium_dollars
"Compact, sufficient support",0.25,5.0,FOAK,0,1,FOAK,10,500.0,0.01,440.0,78840.0,34689600.0,1040688000.0,30,1040688000.0
"Compact, sufficient support",0.25,5.0,0,1,2,1,10,500.0,0.02,440.0,157680.0,69379200.0,2081376000.0,30,2081376000.0
"Compact, sufficient support",0.25,5.0,1,2,4,3,10,318.7487372080115,0.04,258.7487372080115,315360.0,81599001.76591851,2447970052.9775553,30,2447970052.9775553
"Compact, sufficient support",0.25,5.0,2,3,8,7,10,225.72820002710296,0.08,165.72820002710296,630720.0,104528090.32109438,3135842709.6328316,30,3135842709.6328316
"Compact, sufficient support",0.25,5.0,3,4,16,15,10,165.8730233837092,0.16,105.87302338370921,1261440.0,133552466.61714615,4006573998.5143843,30,4006573998.5143843
"Compact, sufficient support",0.25,5.0,4,5,24,31,10,124.02389849811883,0.24,64.02389849811883,1892160.0,121143459.78220052,3634303793.4660153,30,3634303793.4660153
"Compact, sufficient support",0.25,5.0,5,6,32,55,10,98.8187020742361,0.32,38.8187020742361,2522880.0,97934927.08904877,2938047812.671463,30,2938047812.671463
"Compact, sufficient support",0.25,5.0,6,7,40,87,10,82.55896028559951,0.4,22.55896028559951,3153600.0,71141937.15666662,2134258114.6999986,30,2134258114.6999986
"Compact, sufficient support",0.25,5.0,7,8,50,127,10,71.28996101570753,0.5,11.289961015707533,3942000.0,44505026.323919095,1335150789.717573,30,1335150789.717573
"Compact, sufficient support",0.25,5.0,8,9,60,177,10,62.75797999968437,0.6,2.7579799996843732,4730400.0,13046348.59050696,391390457.71520877,30,391390457.71520877
"Compact, sufficient support",0.25,5.0,9,10,90,237,10,56.167663266244844,0.9,0.0,7095600.0,0.0,0.0,30,0.0
"Compact, sufficient support",0.25,5.0,10,11,135,327,10,49.76860767744938,1.35,0.0,10643400.0,0.0,0.0,30,0.0
"Compact, sufficient support",0.25,5.0,11,12,203,462,10,43.786345070376456,2.03,0.0,16004520.0,0.0,0.0,30,0.0
"Compact, sufficient support",0.25,5.0,12,13,305,665,10,38.344818846629686,3.05,0.0,24046200.0,0.0,0.0,30,0.0
"Compact, sufficient support",0.25,5.0,13,14,458,970,10,33.50906193178993,4.58,0.0,36108720.0,0.0,0.0,30,0.0
"Compact, sufficient support",0.25,5.0,14,15,687,1428,10,29.281454201451023,6.87,0.0,54163080.0,0.0,0.0,30,0.0
"Compact, sufficient support",0.25,5.0,15,16,1031,2115,10,25.62892979832845,10.31,0.0,81284040.0,0.0,0.0,29,0.0
"Compact, sufficient support",0.25,5.0,16,17,1547,3146,10,22.49460605359913,15.47,0.0,121965480.0,0.0,0.0,28,0.0
"Compact, sufficient support",0.25,5.0,17,18,2321,4693,10,19.818885492223757,23.21,0.0,182987640.0,0.0,0.0,27,0.0
"Compact, sufficient support",0.25,5.0,18,19,2500,7014,10,17.542531111202283,25.0,0.0,197100000.0,0.0,0.0,26,0.0
"Compact, sufficient support",0.25,5.0,19,20,2500,9514,10,16.051858277509993,25.0,0.0,197100000.0,0.0,0.0,25,0.0
"Compact, sufficient support",0.25,5.0,20,21,2500,12014,10,15.031868902786128,25.0,0.0,197100000.0,0.0,0.0,24,0.0
"Compact, sufficient support",0.25,5.0,21,22,2500,14514,10,14.274862515527241,25.0,0.0,197100000.0,0.0,0.0,23,0.0
"Compact, sufficient support",0.25,5.0,22,23,2500,17014,10,13.682841612281495,25.0,0.0,197100000.0,0.0,0.0,22,0.0
"Compact, sufficient support",0.25,5.0,23,24,2500,19514,10,13.202582351534764,25.0,0.0,197100000.0,0.0,0.0,21,0.0
"Compact, sufficient support",0.25,5.0,24,25,2500,22014,10,12.802293470628276,25.0,0.0,197100000.0,0.0,0.0,20,0.0
"Compact, sufficient support",0.25,5.0,25,26,2500,24514,10,12.46163006471697,25.0,0.0,197100000.0,0.0,0.0,19,0.0
"Compact, sufficient support",0.25,5.0,26,27,2500,27014,10,12.16687163434369,25.0,0.0,197100000.0,0.0,0.0,18,0.0
"Compact, sufficient support",0.25,5.0,27,28,2500,29514,10,11.908375349171344,25.0,0.0,197100000.0,0.0,0.0,17,0.0
"Compact, sufficient support",0.25,5.0,28,29,2500,32014,10,11.679134307692816,25.0,0.0,197100000.0,0.0,0.0,16,0.0
"Compact, sufficient support",0.25,5.0,29,30,2500,34514,10,11.473914807239684,25.0,0.0,197100000.0,0.0,0.0,15,0.0
"Compact, sufficient support",0.25,5.0,30,31,2500,37014,10,11.288716110321587,25.0,0.0,197100000.0,0.0,0.0,14,0.0
"Compact, sufficient support",0.25,5.0,31,32,2500,39514,10,11.120419088228006,25.0,0.0,197100000.0,0.0,0.0,13,0.0
"Compact, sufficient support",0.25,5.0,32,33,2500,42014,10,10.966550243145779,25.0,0.0,197100000.0,0.0,0.0,12,0.0
"Compact, sufficient support",0.25,5.0,33,34,2500,44514,10,10.825118783586571,25.0,0.0,197100000.0,0.0,0.0,11,0.0
"Compact, sufficient support",0.25,5.0,34,35,2500,47014,10,10.694501406353993,25.0,0.0,197100000.0,0.0,0.0,10,0.0
"Compact, sufficient support",0.25,5.0,35,36,2500,49514,10,10.57335908319634,25.0,0.0,197100000.0,0.0,0.0,9,0.0
"Compact, sufficient support",0.25,5.0,36,37,2500,52014,10,10.460575833039794,25.0,0.0,197100000.0,0.0,0.0,8,0.0
"Compact, sufficient support",0.25,5.0,37,38,2500,54514,10,10.35521291779152,25.0,0.0,197100000.0,0.0,0.0,7,0.0
"Compact, sufficient support",0.25,5.0,38,39,2500,57014,10,10.256474063124308,25.0,0.0,197100000.0,0.0,0.0,6,0.0
"Compact, sufficient support",0.25,5.0,39,40,2500,59514,10,10.163678694019774,25.0,0.0,197100000.0,0.0,0.0,5,0.0
"Compact, sufficient support",0.25,5.0,40,41,2500,62014,10,10.07624108615845,25.0,0.0,197100000.0,0.0,0.0,4,0.0
"Compact, sufficient support",0.25,5.0,41,42,2500,64514,10,9.993653944719544,25.0,0.0,197100000.0,0.0,0.0,3,0.0
"Compact, sufficient support",0.25,5.0,42,43,2500,67014,10,9.915475338715883,25.0,0.0,197100000.0,0.0,0.0,2,0.0
"Compact, sufficient support",0.25,5.0,43,44,2500,69514,10,9.841318208052131,25.0,0.0,197100000.0,0.0,0.0,1,0.0
"Compact, sufficient support",0.25,5.0,44,45,2500,72014,10,9.770841864189203,25.0,0.0,197100000.0,0.0,0.0,0,0.0
"Compact, support ends",0.25,5.0,FOAK,0,1,FOAK,10,500.0,0.01,440.0,78840.0,34689600.0,1040688000.0,30,1040688000.0
"Compact, support ends",0.25,5.0,0,1,2,1,10,500.0,0.02,440.0,157680.0,69379200.0,2081376000.0,30,2081376000.0
"Compact, support ends",0.25,5.0,1,2,4,3,10,318.7487372080115,0.04,258.7487372080115,315360.0,81599001.76591851,2447970052.9775553,30,2447970052.9775553
"Compact, support ends",0.25,5.0,2,3,8,7,10,225.72820002710296,0.08,165.72820002710296,630720.0,104528090.32109438,3135842709.6328316,30,3135842709.6328316
"Compact, support ends",0.25,5.0,3,4,16,15,10,165.8730233837092,0.16,105.87302338370921,1261440.0,133552466.61714615,4006573998.5143843,30,4006573998.5143843
"Large, limited support",0.25,5.0,FOAK,0,1,FOAK,1000,250.0,1.0,190.0,7884000.0,1497960000.0,44938800000.0,30,44938800000.0
"Large, limited support",0.25,5.0,0,5,1,1,1000,250.0,1.0,190.0,7884000.0,1497960000.0,44938800000.0,30,44938800000.0
"Large, limited support",0.25,5.0,3,8,1,1,1000,250.0,1.0,190.0,7884000.0,1497960000.0,44938800000.0,30,44938800000.0
"Large, limited support",0.25,5.0,6,11,1,2,1000,188.75,1.0,128.75,7884000.0,1015065000.0,30451950000.0,30,30451950000.0
"Large, limited support",0.25,5.0,9,14,1,3,1000,160.28977902214712,1.0,100.28977902214712,7884000.0,790684617.8106079,23720538534.318237,30,23720538534.318237
"Large, limited support",0.25,5.0,12,17,1,4,1000,142.8125,1.0,82.8125,7884000.0,652893750.0,19586812500.0,28,18281025000.0
"Large, limited support",0.25,5.0,15,20,1,5,1000,130.62246809260571,1.0,70.62246809260571,7884000.0,556787538.4421035,16703626153.263105,25,13919688461.052588
"Large, sufficient support",0.25,5.0,FOAK,0,1,FOAK,1000,250.0,1.0,190.0,7884000.0,1497960000.0,44938800000.0,30,44938800000.0
"Large, sufficient support",0.25,5.0,0,5,1,1,1000,250.0,1.0,190.0,7884000.0,1497960000.0,44938800000.0,30,44938800000.0
"Large, sufficient support",0.25,5.0,1,6,2,1,1000,250.0,2.0,190.0,15768000.0,2995920000.0,89877600000.0,30,89877600000.0
"Large, sufficient support",0.25,5.0,2,7,3,1,1000,250.0,3.0,190.0,23652000.0,4493880000.0,134816400000.0,30,134816400000.0
"Large, sufficient support",0.25,5.0,3,8,4,1,1000,250.0,4.0,190.0,31536000.0,5991840000.0,179755200000.0,30,179755200000.0
"Large, sufficient support",0.25,5.0,4,9,5,1,1000,250.0,5.0,190.0,39420000.0,7489800000.0,224694000000.0,30,224694000000.0
"Large, sufficient support",0.25,5.0,5,10,6,2,1000,188.75,6.0,128.75,47304000.0,6090390000.0,182711700000.0,30,182711700000.0
"Large, sufficient support",0.25,5.0,6,11,7,4,1000,142.8125,7.0,82.8125,55188000.0,4570256250.0,137107687500.0,30,137107687500.0
"Large, sufficient support",0.25,5.0,7,12,8,7,1000,114.2493111245257,8.0,54.249311124525704,63072000.0,3421612551.246085,102648376537.38255,30,102648376537.38255
"Large, sufficient support",0.25,5.0,8,13,9,11,1000,95.56263882418035,9.0,35.562638824180354,70956000.0,2523382600.408541,75701478012.25624,30,75701478012.25624
"Large, sufficient support",0.25,5.0,9,14,10,16,1000,82.51953125,10.0,22.51953125,78840000.0,1775439843.75,53263195312.5,30,53263195312.5
"Large, sufficient support",0.25,5.0,10,15,10,22,1000,72.92197911813527,10.0,12.921979118135269,78840000.0,1018768833.6737846,30563065010.21354,30,30563065010.21354
"Large, sufficient support",0.25,5.0,11,16,10,29,1000,65.56421274892281,10.0,5.564212748922813,78840000.0,438682533.12507457,13160475993.752237,29,12721793460.627163
"Large, sufficient support",0.25,5.0,12,17,15,37,1000,59.73984488715769,15.0,0.0,118260000.0,0.0,0.0,28,0.0
"Large, sufficient support",0.25,5.0,13,18,23,46,1000,55.01027376947315,23.0,0.0,181332000.0,0.0,0.0,27,0.0
"Large, sufficient support",0.25,5.0,14,19,25,56,1000,51.08955313065928,25.0,0.0,197100000.0,0.0,0.0,26,0.0
"Large, sufficient support",0.25,5.0,15,20,25,66,1000,48.051384195927,25.0,0.0,197100000.0,0.0,0.0,25,0.0
"Large, sufficient support",0.25,5.0,16,21,25,76,1000,45.60298048804314,25.0,0.0,197100000.0,0.0,0.0,24,0.0
"Large, sufficient support",0.25,5.0,17,22,25,91,1000,42.6782257528816,25.0,0.0,197100000.0,0.0,0.0,23,0.0
"Large, sufficient support",0.25,5.0,18,23,25,114,1000,39.31416526600691,25.0,0.0,197100000.0,0.0,0.0,22,0.0
"Large, sufficient support",0.25,5.0,19,24,25,139,1000,36.60345623323963,25.0,0.0,197100000.0,0.0,0.0,21,0.0
"Large, sufficient support",0.25,5.0,20,25,25,164,1000,34.506848875903266,25.0,0.0,197100000.0,0.0,0.0,20,0.0
"Large, sufficient support",0.25,5.0,21,26,25,189,1000,32.81948397346237,25.0,0.0,197100000.0,0.0,0.0,19,0.0
"Large, sufficient support",0.25,5.0,22,27,25,214,1000,31.421470181423885,25.0,0.0,197100000.0,0.0,0.0,18,0.0
"Large, sufficient support",0.25,5.0,23,28,25,239,1000,30.237234740640915,25.0,0.0,197100000.0,0.0,0.0,17,0.0
"Large, sufficient support",0.25,5.0,24,29,25,264,1000,29.216403610208932,25.0,0.0,197100000.0,0.0,0.0,16,0.0
"Large, sufficient support",0.25,5.0,25,30,25,289,1000,28.32390144939806,25.0,0.0,197100000.0,0.0,0.0,15,0.0
"Large, sufficient support",0.25,5.0,26,31,25,314,1000,27.5344336385549,25.0,0.0,197100000.0,0.0,0.0,14,0.0
"Large, sufficient support",0.25,5.0,27,32,25,339,1000,26.829225586134605,25.0,0.0,197100000.0,0.0,0.0,13,0.0
"Large, sufficient support",0.25,5.0,28,33,25,364,1000,26.194001985995897,25.0,0.0,197100000.0,0.0,0.0,12,0.0
"Large, sufficient support",0.25,5.0,29,34,25,389,1000,25.617683976813947,25.0,0.0,197100000.0,0.0,0.0,11,0.0
"Large, sufficient support",0.25,5.0,30,35,25,414,1000,25.091520608409063,25.0,0.0,197100000.0,0.0,0.0,10,0.0
"Large, sufficient support",0.25,5.0,31,36,25,439,1000,24.608493020977573,25.0,0.0,197100000.0,0.0,0.0,9,0.0
"Large, sufficient support",0.25,5.0,32,37,25,464,1000,24.162895440088853,25.0,0.0,197100000.0,0.0,0.0,8,0.0
"Large, sufficient support",0.25,5.0,33,38,25,489,1000,23.750034047566047,25.0,0.0,197100000.0,0.0,0.0,7,0.0
"Large, sufficient support",0.25,5.0,34,39,25,514,1000,23.36600637885573,25.0,0.0,197100000.0,0.0,0.0,6,0.0
"Large, sufficient support",0.25,5.0,35,40,25,539,1000,23.00753693410593,25.0,0.0,197100000.0,0.0,0.0,5,0.0
"Large, sufficient support",0.25,5.0,36,41,25,564,1000,22.671852794432077,25.0,0.0,197100000.0,0.0,0.0,4,0.0
"Large, sufficient support",0.25,5.0,37,42,25,589,1000,22.35658820500093,25.0,0.0,197100000.0,0.0,0.0,3,0.0
"Large, sufficient support",0.25,5.0,38,43,25,614,1000,22.059710462186658,25.0,0.0,197100000.0,0.0,0.0,2,0.0
"Large, sufficient support",0.25,5.0,39,44,25,639,1000,21.779461692484357,25.0,0.0,197100000.0,0.0,0.0,1,0.0
"Large, sufficient support",0.25,5.0,40,45,25,664,1000,21.51431263977237,25.0,0.0,197100000.0,0.0,0.0,0,0.0
"Compact, sufficient support",0.1,5.0,FOAK,0,1,FOAK,10,500.0,0.01,440.0,78840.0,34689600.0,1040688000.0,30,1040688000.0
"Compact, sufficient support",0.1,5.0,0,1,2,1,10,500.0,0.02,440.0,157680.0,69379200.0,2081376000.0,30,2081376000.0
"Compact, sufficient support",0.1,5.0,1,2,4,3,10,423.87196322460926,0.04,363.87196322460926,315360.0,114750662.32251278,3442519869.675383,30,3442519869.675383
"Compact, sufficient support",0.1,5.0,2,3,8,7,10,373.25417782120985,0.08,313.25417782120985,630720.0,197575675.03539348,5927270251.061804,30,5927270251.061804
"Compact, sufficient support",0.1,5.0,3,4,16,15,10,332.97118528906327,0.16,272.97118528906327,1261440.0,344336771.97103596,10330103159.131079,30,10330103159.131079
"Compact, sufficient support",0.1,5.0,4,5,24,31,10,298.7065338496541,0.24,238.70653384965408,1892160.0,451670955.0889615,13550128652.668844,30,13550128652.668844
"Compact, sufficient support",0.1,5.0,5,6,32,55,10,274.1935727053862,0.32,214.1935727053862,2522880.0,540384680.7069647,16211540421.208942,30,16211540421.208942
"Compact, sufficient support",0.1,5.0,6,7,40,87,10,256.06852591685526,0.4,196.06852591685526,3153600.0,618321703.3313948,18549651099.941845,30,18549651099.941845
"Compact, sufficient support",0.1,5.0,7,8,50,127,10,242.03939245187732,0.5,182.03939245187732,3942000.0,717599285.0453004,21527978551.359013,30,21527978551.359013
"Compact, sufficient support",0.1,5.0,8,9,60,177,10,230.3752951421022,0.6,170.3752951421022,4730400.0,805943296.1402003,24178298884.20601,30,24178298884.20601
"Compact, sufficient support",0.1,5.0,9,10,70,237,10,220.59371900326775,0.7,160.59371900326775,5518800.0,886284616.4352341,26588538493.057022,30,26588538493.057022
"Compact, sufficient support",0.1,5.0,10,11,80,307,10,212.27764800568448,0.8,152.27764800568448,6307200.0,960445581.5014532,28813367445.043594,30,28813367445.043594
"Compact, sufficient support",0.1,5.0,11,12,90,387,10,205.10831144198772,0.9,145.10831144198772,7095600.0,1029630534.6677681,30888916040.033043,30,30888916040.033043
"Compact, sufficient support",0.1,5.0,12,13,100,477,10,198.8483547949298,1.0,138.8483547949298,7884000.0,1094680429.2032266,32840412876.096798,30,32840412876.096798
"Compact, sufficient support",0.1,5.0,13,14,110,577,10,193.3206453571369,1.1,133.3206453571369,8672400.0,1156209964.795234,34686298943.85702,30,34686298943.85702
"Compact, sufficient support",0.1,5.0,14,15,120,687,10,188.3914139469298,1.2,128.3914139469298,9460800.0,1214685489.0691133,36440564672.073395,30,36440564672.073395
"Compact, sufficient support",0.1,5.0,15,16,130,807,10,183.95812851425623,1.3,123.95812851425623,10249200.0,1270471650.768315,38114149523.04945,29,36843677872.281136
"Compact, sufficient support",0.1,5.0,16,17,140,937,10,179.94099334922987,1.4,119.94099334922987,11037600.0,1323860708.1914597,39715821245.74379,28,37068099829.36087
"Compact, sufficient support",0.1,5.0,17,18,150,1077,10,176.2769939130623,1.5,116.27699391306231,11826000.0,1375091730.0158749,41252751900.47624,27,37127476710.42862
"Compact, sufficient support",0.1,5.0,18,19,160,1227,10,172.91568683979443,1.6,112.91568683979443,12614400.0,1424363640.071903,42730909202.15709,26,37033454641.86948
"Compact, sufficient support",0.1,5.0,19,20,170,1387,10,169.81618488719727,1.7,109.81618488719727,13402800.0,1471844362.8061275,44155330884.18382,25,36796109070.15319
"Compact, sufficient support",0.1,5.0,20,21,180,1557,10,166.9449667393798,1.8,106.9449667393798,14191200.0,1517677411.9918866,45530322359.7566,24,36424257887.80528
"Compact, sufficient support",0.1,5.0,21,22,190,1737,10,164.2742630778639,1.9,104.2742630778639,14979600.0,1561986751.2011702,46859602536.0351,23,35925695277.626915
"Compact, sufficient support",0.1,5.0,22,23,200,1927,10,161.7808507310316,2.0,101.78085073103159,15768000.0,1604880454.3269062,48146413629.80719,22,35307369995.19194
"Compact, sufficient support",0.1,5.0,23,24,210,2127,10,159.44513982387411,2.1,99.44513982387411,16556400.0,1646453512.9799893,49393605389.39968,21,34575523772.57977
"Compact, sufficient support",0.1,5.0,24,25,220,2337,10,157.25047417433785,2.2,97.25047417433785,17344800.0,1686790024.4590552,50603700733.77165,20,33735800489.181103
"Compact, sufficient support",0.1,5.0,25,26,230,2557,10,155.18258892393922,2.3,95.18258892393922,18133200.0,1725964921.4755747,51778947644.26724,19,32793333508.03592
"Compact, sufficient support",0.1,5.0,26,27,240,2787,10,153.2291855419887,2.4,93.2291855419887,18921600.0,1764045357.1512933,52921360714.538795,18,31752816428.723278
"Compact, sufficient support",0.1,5.0,27,28,250,3027,10,151.37959547206898,2.5,91.37959547206898,19710000.0,1801091826.7544796,54032754802.63439,17,30618561054.826153
"Compact, sufficient support",0.1,5.0,28,29,260,3277,10,149.6245114566446,2.6,89.6245114566446,20498400.0,1837159085.6428835,55114772569.28651,16,29394545370.286137
"Compact, sufficient support",0.1,5.0,29,30,270,3537,10,147.95577106457904,2.7,87.95577106457904,21286800.0,1872296907.497481,56168907224.92443,15,28084453612.462215
"Compact, sufficient support",0.1,5.0,30,31,280,3807,10,146.36618087213213,2.8,86.36618087213213,22075200.0,1906550715.9884913,57196521479.65474,14,26691710023.83888
"Compact, sufficient support",0.1,5.0,31,32,290,4087,10,144.84937258829328,2.9,84.84937258829328,22863600.0,1939962115.109702,58198863453.29106,13,25219507496.42613
"Compact, sufficient support",0.1,5.0,32,33,300,4377,10,143.3996844928123,3.0,83.3996844928123,23652000.0,1972569337.6239965,59177080128.719894,12,23670832051.487957
"Compact, sufficient support",0.1,5.0,33,34,310,4677,10,142.01206309069525,3.1,82.01206309069525,24440400.0,2004407626.7618282,60132228802.85484,11,22048483894.38011
"Compact, sufficient support",0.1,5.0,34,35,320,4987,10,140.68198103287938,3.2,80.68198103287938,25228800.0,2035509563.0823073,61065286892.46922,10,20355095630.823074
"Compact, sufficient support",0.1,5.0,35,36,330,5307,10,139.40536821604869,3.3,79.40536821604869,26017200.0,2065905345.9505818,61977160378.517456,9,18593148113.555237
"Compact, sufficient support",0.1,5.0,36,37,340,5637,10,138.1785536305734,3.4,78.17855363057339,26805600.0,2095623037.199698,62868691115.99094,8,16764984297.597584
"Compact, sufficient support",0.1,5.0,37,38,350,5977,10,136.9982160282524,3.5,76.99821602825239,27594000.0,2124688773.0835965,63740663192.5079,7,14872821411.585175
"Compact, sufficient support",0.1,5.0,38,39,360,6327,10,135.8613418697843,3.6,75.8613418697843,28382400.0,2153126949.484966,64593808484.54897,6,12918761696.909794
"Compact, sufficient support",0.1,5.0,39,40,370,6687,10,134.76518931398383,3.7,74.76518931398383,29170800.0,2180960384.4403596,65428811533.210785,5,10904801922.201797
"Compact, sufficient support",0.1,5.0,40,41,380,7057,10,133.70725724747967,3.8,73.70725724747967,29959200.0,2208210461.328693,66246313839.86079,4,8832841845.314772
"Compact, sufficient support",0.1,5.0,41,42,390,7437,10,132.6852585403709,3.9,72.68525854037091,30747600.0,2234897255.4959087,67046917664.87726,3,6704691766.487726
"Compact, sufficient support",0.1,5.0,42,43,400,7827,10,131.6970968615672,4.0,71.69709686156719,31536000.0,2261039646.626383,67831189398.79149,2,4522079293.252766
"Compact, sufficient support",0.1,5.0,43,44,410,8227,10,130.7408465059478,4.1,70.74084650594779,32324400.0,2286655418.796859,68599662563.90576,1,2286655418.796859
"Compact, sufficient support",0.1,5.0,44,45,420,8637,10,129.81473478059047,4.2,69.81473478059047,33112800.0,2311761349.8427362,69352840495.28209,0,0.0
"Compact, support ends",0.1,5.0,FOAK,0,1,FOAK,10,500.0,0.01,440.0,78840.0,34689600.0,1040688000.0,30,1040688000.0
"Compact, support ends",0.1,5.0,0,1,2,1,10,500.0,0.02,440.0,157680.0,69379200.0,2081376000.0,30,2081376000.0
"Compact, support ends",0.1,5.0,1,2,4,3,10,423.87196322460926,0.04,363.87196322460926,315360.0,114750662.32251278,3442519869.675383,30,3442519869.675383
"Compact, support ends",0.1,5.0,2,3,8,7,10,373.25417782120985,0.08,313.25417782120985,630720.0,197575675.03539348,5927270251.061804,30,5927270251.061804
"Compact, support ends",0.1,5.0,3,4,16,15,10,332.97118528906327,0.16,272.97118528906327,1261440.0,344336771.97103596,10330103159.131079,30,10330103159.131079
"Large, limited support",0.1,5.0,FOAK,0,1,FOAK,1000,250.0,1.0,190.0,7884000.0,1497960000.0,44938800000.0,30,44938800000.0
"Large, limited support",0.1,5.0,0,5,1,1,1000,250.0,1.0,190.0,7884000.0,1497960000.0,44938800000.0,30,44938800000.0
"Large, limited support",0.1,5.0,3,8,1,1,1000,250.0,1.0,190.0,7884000.0,1497960000.0,44938800000.0,30,44938800000.0
"Large, limited support",0.1,5.0,6,11,1,2,1000,225.5,1.0,165.5,7884000.0,1304802000.0,39144060000.0,30,39144060000.0
"Large, limited support",0.1,5.0,9,14,1,3,1000,212.32046664652376,1.0,152.32046664652376,7884000.0,1200894559.0411932,36026836771.235794,30,36026836771.235794
"Large, limited support",0.1,5.0,12,17,1,4,1000,203.45000000000002,1.0,143.45000000000002,7884000.0,1130959800.0000002,33928794000.000008,28,31666874400.000008
"Large, limited support",0.1,5.0,15,20,1,5,1000,196.8317468116942,1.0,136.8317468116942,7884000.0,1078781491.863397,32363444755.901905,25,26969537296.584923
"Large, sufficient support",0.1,5.0,FOAK,0,1,FOAK,1000,250.0,1.0,190.0,7884000.0,1497960000.0,44938800000.0,30,44938800000.0
"Large, sufficient support",0.1,5.0,0,5,1,1,1000,250.0,1.0,190.0,7884000.0,1497960000.0,44938800000.0,30,44938800000.0
"Large, sufficient support",0.1,5.0,1,6,2,1,1000,250.0,2.0,190.0,15768000.0,2995920000.0,89877600000.0,30,89877600000.0
"Large, sufficient support",0.1,5.0,2,7,3,1,1000,250.0,3.0,190.0,23652000.0,4493880000.0,134816400000.0,30,134816400000.0
"Large, sufficient support",0.1,5.0,3,8,4,1,1000,250.0,4.0,190.0,31536000.0,5991840000.0,179755200000.0,30,179755200000.0
"Large, sufficient support",0.1,5.0,4,9,5,1,1000,250.0,5.0,190.0,39420000.0,7489800000.0,224694000000.0,30,224694000000.0
"Large, sufficient support",0.1,5.0,5,10,6,2,1000,225.5,6.0,165.5,47304000.0,7828812000.0,234864360000.0,30,234864360000.0
"Large, sufficient support",0.1,5.0,6,11,7,4,1000,203.45000000000002,7.0,143.45000000000002,55188000.0,7916718600.000001,237501558000.00003,30,237501558000.00003
"Large, sufficient support",0.1,5.0,7,12,8,7,1000,187.2672193256493,8.0,127.26721932564931,63072000.0,8026998057.307353,240809941719.22058,30,240809941719.22058
"Large, sufficient support",0.1,5.0,8,13,9,11,1000,175.16536700422944,9.0,115.16536700422944,70956000.0,8171673781.152104,245150213434.56314,30,245150213434.56314
"Large, sufficient support",0.1,5.0,9,14,10,16,1000,165.74450000000002,10.0,105.74450000000002,78840000.0,8336896380.000001,250106891400.00003,30,250106891400.00003
"Large, sufficient support",0.1,5.0,10,15,10,22,1000,158.1488303038065,10.0,98.1488303038065,78840000.0,7738053781.152105,232141613434.56317,30,232141613434.56317
"Large, sufficient support",0.1,5.0,11,16,10,29,1000,151.8510529472832,10.0,91.8510529472832,78840000.0,7241537014.363807,217246110430.9142,29,210004573416.55038
"Large, sufficient support",0.1,5.0,12,17,10,37,1000,146.51242432514022,10.0,86.51242432514022,78840000.0,6820639533.794055,204619186013.82166,28,190977906946.23355
"Large, sufficient support",0.1,5.0,13,18,10,46,1000,141.90576940136995,10.0,81.90576940136995,78840000.0,6457450859.604007,193723525788.1202,27,174351173209.3082
"Large, sufficient support",0.1,5.0,14,19,10,56,1000,137.87280288839838,10.0,77.87280288839838,78840000.0,6139491779.721329,184184753391.63986,26,159626786272.75455
"Large, sufficient support",0.1,5.0,15,20,10,66,1000,134.59545699981405,10.0,74.59545699981405,78840000.0,5881105829.865339,176433174895.96017,25,147027645746.63348
"Large, sufficient support",0.1,5.0,16,21,10,76,1000,131.84594846178817,10.0,71.84594846178817,78840000.0,5664334576.727379,169930037301.82135,24,135944029841.45709
"Large, sufficient support",0.1,5.0,17,22,10,86,1000,129.48480275579976,10.0,69.48480275579976,78840000.0,5478181849.267253,164345455478.01758,23,125998182533.14682
"Large, sufficient support",0.1,5.0,18,23,10,96,1000,127.42066235010583,10.0,67.42066235010583,78840000.0,5315445019.6823435,159463350590.4703,22,116939790433.01155
"Large, sufficient support",0.1,5.0,19,24,10,106,1000,125.5905643663325,10.0,65.5905643663325,78840000.0,5171160094.641654,155134802839.24963,21,108594361987.47473
"Large, sufficient support",0.1,5.0,20,25,10,116,1000,123.94935288729941,10.0,63.94935288729941,78840000.0,5041766981.6346855,151253009449.04056,20,100835339632.69371
"Large, sufficient support",0.1,5.0,21,26,10,126,1000,122.46358843683485,10.0,62.463588436834854,78840000.0,4924629312.36006,147738879370.8018,19,93567956934.84114
"Large, sufficient support",0.1,5.0,22,27,10,136,1000,121.10784655636212,10.0,61.10784655636212,78840000.0,4817742622.50359,144532278675.1077,18,86719367205.0646
"Large, sufficient support",0.1,5.0,23,28,10,146,1000,119.86236523246164,10.0,59.86236523246164,78840000.0,4719548874.927276,141586466247.81827,17,80232330873.76369
"Large, sufficient support",0.1,5.0,24,29,10,156,1000,118.71149283494361,10.0,58.71149283494361,78840000.0,4628814095.106955,138864422853.20865,16,74061025521.71127
"Large, sufficient support",0.1,5.0,25,30,10,166,1000,117.642631374518,10.0,57.642631374518004,78840000.0,4544545057.566999,136336351727.00998,15,68168175863.50499
"Large, sufficient support",0.1,5.0,26,31,10,176,1000,116.64549729147495,10.0,56.64549729147495,78840000.0,4465931006.459886,133977930193.79657,14,62523034090.4384
"Large, sufficient support",0.1,5.0,27,32,10,186,1000,115.71159209971509,10.0,55.71159209971509,78840000.0,4392301921.141538,131769057634.24612,13,57099924974.83999
"Large, sufficient support",0.1,5.0,28,33,10,196,1000,114.83381544885927,10.0,54.83381544885927,78840000.0,4323098009.988065,129692940299.64194,12,51877176119.85678
"Large, sufficient support",0.1,5.0,29,34,10,206,1000,114.00617711427155,10.0,54.00617711427155,78840000.0,4257847003.689169,127735410110.67506,11,46836317040.58086
"Large, sufficient support",0.1,5.0,30,35,10,216,1000,113.22357913632244,10.0,53.22357913632244,78840000.0,4196146979.1076612,125884409373.22984,10,41961469791.076614
"Large, sufficient support",0.1,5.0,31,36,10,226,1000,112.4816486248137,10.0,52.4816486248137,78840000.0,4137653177.5803123,124129595327.40936,9,37238878598.22281
"Large, sufficient support",0.1,5.0,32,37,10,236,1000,111.7766077649059,10.0,51.776607764905904,78840000.0,4082067756.1851816,122462032685.55545,8,32656542049.481453
"Large, sufficient support",0.1,5.0,33,38,10,246,1000,111.10517154851762,10.0,51.10517154851762,78840000.0,4029131724.885129,120873951746.55386,7,28203922074.195904
"Large, sufficient support",0.1,5.0,34,39,10,256,1000,110.46446645000002,10.0,50.46446645000002,78840000.0,3978618534.918001,119358556047.54004,6,23871711209.508007
"Large, sufficient support",0.1,5.0,35,40,10,266,1000,109.85196511952267,10.0,49.851965119522674,78840000.0,3930328930.0231676,117909867900.69502,5,19651644650.115837
"Large, sufficient support",0.1,5.0,36,41,10,276,1000,109.26543346532267,10.0,49.26543346532267,78840000.0,3884086774.4060397,116522603232.1812,4,15536347097.624159
"Large, sufficient support",0.1,5.0,37,42,10,286,1000,108.70288741786322,10.0,48.702887417863224,78840000.0,3839735644.0243363,115192069320.73009,3,11519206932.07301
"Large, sufficient support",0.1,5.0,38,43,10,296,1000,108.16255733302724,10.0,48.16255733302724,78840000.0,3797136020.1358676,113914080604.07603,2,7594272040.271735
"Large, sufficient support",0.1,5.0,39,44,10,306,1000,107.64285847600281,10.0,47.642858476002814,78840000.0,3756162962.2480617,112684888867.44185,1,3756162962.2480617
"Large, sufficient support",0.1,5.0,40,45,10,316,1000,107.14236638525357,10.0,47.14236638525357,78840000.0,3716704165.813391,111501124974.40173,0,0.0
